INSERT INTO profile(username, first_name, last_name, mobile_number, email, password, birthday)
VALUES ('alphabravo', 'alpha', 'bravoson', '11111111', 'alphabravo@gmail.com', 'foobar' ,'1961-01-16');

INSERT INTO profile(username, first_name, last_name, mobile_number, email, password, birthday)
VALUES ('alphacharlie', 'alpha', 'charlieson', '20562046', 'alphacharlie@gmail.com', 'foobar' ,'1996-01-28');

INSERT INTO profile(username, first_name, last_name, mobile_number, email, password, birthday)
VALUES ('alphadelta', 'alpha', 'deltason', '30012981', 'alphadelta@gmail.com', 'foobar' ,'2001-01-21');

INSERT INTO profile(username, first_name, last_name, mobile_number, email, password, birthday)
VALUES ('alphaecho', 'alpha', 'echoson', '39463916', 'alphaecho@gmail.com', 'foobar' ,'1966-01-14');

INSERT INTO profile(username, first_name, last_name, mobile_number, email, password, birthday)
VALUES ('alphafoxtrot', 'alpha', 'foxtrotson', '48914851', 'alphafoxtrot@gmail.com', 'foobar' ,'1951-01-26');

INSERT INTO profile(username, first_name, last_name, mobile_number, email, password, birthday)
VALUES ('alphagolf', 'alpha', 'golfson', '58365786', 'alphagolf@gmail.com', 'foobar' ,'1986-01-19');

INSERT INTO profile(username, first_name, last_name, mobile_number, email, password, birthday)
VALUES ('alphahotel', 'alpha', 'hotelson', '67816721', 'alphahotel@gmail.com', 'foobar' ,'1971-01-12');

INSERT INTO profile(username, first_name, last_name, mobile_number, email, password, birthday)
VALUES ('alphaindia', 'alpha', 'indiason', '77267656', 'alphaindia@gmail.com', 'foobar' ,'1956-01-24');

INSERT INTO profile(username, first_name, last_name, mobile_number, email, password, birthday)
VALUES ('alphajuliet', 'alpha', 'julietson', '86718591', 'alphajuliet@gmail.com', 'foobar' ,'1991-01-17');

INSERT INTO profile(username, first_name, last_name, mobile_number, email, password, birthday)
VALUES ('alphakilo', 'alpha', 'kiloson', '96169526', 'alphakilo@gmail.com', 'foobar' ,'1976-01-10');

INSERT INTO profile(username, first_name, last_name, mobile_number, email, password, birthday)
VALUES ('bravoalpha', 'bravo', 'alphason', '15620462', 'bravoalpha@gmail.com', 'foobar' ,'1962-01-21');

INSERT INTO profile(username, first_name, last_name, mobile_number, email, password, birthday)
VALUES ('bravocharlie', 'bravo', 'charlieson', '25071397', 'bravocharlie@gmail.com', 'foobar' ,'1997-01-14');

INSERT INTO profile(username, first_name, last_name, mobile_number, email, password, birthday)
VALUES ('bravodelta', 'bravo', 'deltason', '34522332', 'bravodelta@gmail.com', 'foobar' ,'1982-01-26');

INSERT INTO profile(username, first_name, last_name, mobile_number, email, password, birthday)
VALUES ('bravoecho', 'bravo', 'echoson', '43973267', 'bravoecho@gmail.com', 'foobar' ,'1967-01-19');

INSERT INTO profile(username, first_name, last_name, mobile_number, email, password, birthday)
VALUES ('bravofoxtrot', 'bravo', 'foxtrotson', '53424202', 'bravofoxtrot@gmail.com', 'foobar' ,'1952-01-12');

INSERT INTO profile(username, first_name, last_name, mobile_number, email, password, birthday)
VALUES ('bravogolf', 'bravo', 'golfson', '62875137', 'bravogolf@gmail.com', 'foobar' ,'1987-01-24');

INSERT INTO profile(username, first_name, last_name, mobile_number, email, password, birthday)
VALUES ('bravohotel', 'bravo', 'hotelson', '72326072', 'bravohotel@gmail.com', 'foobar' ,'1972-01-17');

INSERT INTO profile(username, first_name, last_name, mobile_number, email, password, birthday)
VALUES ('bravoindia', 'bravo', 'indiason', '81777007', 'bravoindia@gmail.com', 'foobar' ,'1957-01-10');

INSERT INTO profile(username, first_name, last_name, mobile_number, email, password, birthday)
VALUES ('bravojuliet', 'bravo', 'julietson', '91227942', 'bravojuliet@gmail.com', 'foobar' ,'1992-01-22');

INSERT INTO profile(username, first_name, last_name, mobile_number, email, password, birthday)
VALUES ('bravokilo', 'bravo', 'kiloson', '10678878', 'bravokilo@gmail.com', 'foobar' ,'1978-01-14');

INSERT INTO profile(username, first_name, last_name, mobile_number, email, password, birthday)
VALUES ('charliealpha', 'charlie', 'alphason', '20129813', 'charliealpha@gmail.com', 'foobar' ,'1963-01-26');

INSERT INTO profile(username, first_name, last_name, mobile_number, email, password, birthday)
VALUES ('charliebravo', 'charlie', 'bravoson', '29580748', 'charliebravo@gmail.com', 'foobar' ,'1998-01-19');

INSERT INTO profile(username, first_name, last_name, mobile_number, email, password, birthday)
VALUES ('charliedelta', 'charlie', 'deltason', '39031683', 'charliedelta@gmail.com', 'foobar' ,'1983-01-12');

INSERT INTO profile(username, first_name, last_name, mobile_number, email, password, birthday)
VALUES ('charlieecho', 'charlie', 'echoson', '48482618', 'charlieecho@gmail.com', 'foobar' ,'1968-01-24');

INSERT INTO profile(username, first_name, last_name, mobile_number, email, password, birthday)
VALUES ('charliefoxtrot', 'charlie', 'foxtrotson', '57933553', 'charliefoxtrot@gmail.com', 'foobar' ,'1953-01-17');

INSERT INTO profile(username, first_name, last_name, mobile_number, email, password, birthday)
VALUES ('charliegolf', 'charlie', 'golfson', '67384488', 'charliegolf@gmail.com', 'foobar' ,'1988-01-10');

INSERT INTO profile(username, first_name, last_name, mobile_number, email, password, birthday)
VALUES ('charliehotel', 'charlie', 'hotelson', '76835423', 'charliehotel@gmail.com', 'foobar' ,'1973-01-22');

INSERT INTO profile(username, first_name, last_name, mobile_number, email, password, birthday)
VALUES ('charlieindia', 'charlie', 'indiason', '86286358', 'charlieindia@gmail.com', 'foobar' ,'1958-01-15');

INSERT INTO profile(username, first_name, last_name, mobile_number, email, password, birthday)
VALUES ('charliejuliet', 'charlie', 'julietson', '95737293', 'charliejuliet@gmail.com', 'foobar' ,'1993-01-27');

INSERT INTO profile(username, first_name, last_name, mobile_number, email, password, birthday)
VALUES ('charliekilo', 'charlie', 'kiloson', '15188229', 'charliekilo@gmail.com', 'foobar' ,'1979-01-19');

INSERT INTO profile(username, first_name, last_name, mobile_number, email, password, birthday)
VALUES ('deltaalpha', 'delta', 'alphason', '24639164', 'deltaalpha@gmail.com', 'foobar' ,'1964-01-12');

INSERT INTO profile(username, first_name, last_name, mobile_number, email, password, birthday)
VALUES ('deltabravo', 'delta', 'bravoson', '34090099', 'deltabravo@gmail.com', 'foobar' ,'1999-01-24');

INSERT INTO profile(username, first_name, last_name, mobile_number, email, password, birthday)
VALUES ('deltacharlie', 'delta', 'charlieson', '43541034', 'deltacharlie@gmail.com', 'foobar' ,'1984-01-17');

INSERT INTO profile(username, first_name, last_name, mobile_number, email, password, birthday)
VALUES ('deltaecho', 'delta', 'echoson', '52991969', 'deltaecho@gmail.com', 'foobar' ,'1969-01-10');

INSERT INTO profile(username, first_name, last_name, mobile_number, email, password, birthday)
VALUES ('deltafoxtrot', 'delta', 'foxtrotson', '62442904', 'deltafoxtrot@gmail.com', 'foobar' ,'1954-01-22');

INSERT INTO profile(username, first_name, last_name, mobile_number, email, password, birthday)
VALUES ('deltagolf', 'delta', 'golfson', '71893839', 'deltagolf@gmail.com', 'foobar' ,'1989-01-15');

INSERT INTO profile(username, first_name, last_name, mobile_number, email, password, birthday)
VALUES ('deltahotel', 'delta', 'hotelson', '81344774', 'deltahotel@gmail.com', 'foobar' ,'1974-01-27');

INSERT INTO profile(username, first_name, last_name, mobile_number, email, password, birthday)
VALUES ('deltaindia', 'delta', 'indiason', '90795709', 'deltaindia@gmail.com', 'foobar' ,'1959-01-20');

INSERT INTO profile(username, first_name, last_name, mobile_number, email, password, birthday)
VALUES ('deltajuliet', 'delta', 'julietson', '10246645', 'deltajuliet@gmail.com', 'foobar' ,'1995-01-12');

INSERT INTO profile(username, first_name, last_name, mobile_number, email, password, birthday)
VALUES ('deltakilo', 'delta', 'kiloson', '19697580', 'deltakilo@gmail.com', 'foobar' ,'1980-01-24');

INSERT INTO profile(username, first_name, last_name, mobile_number, email, password, birthday)
VALUES ('echoalpha', 'echo', 'alphason', '29148515', 'echoalpha@gmail.com', 'foobar' ,'1965-01-17');

INSERT INTO profile(username, first_name, last_name, mobile_number, email, password, birthday)
VALUES ('echobravo', 'echo', 'bravoson', '38599450', 'echobravo@gmail.com', 'foobar' ,'1950-01-10');

INSERT INTO profile(username, first_name, last_name, mobile_number, email, password, birthday)
VALUES ('echocharlie', 'echo', 'charlieson', '48050385', 'echocharlie@gmail.com', 'foobar' ,'1985-01-22');

INSERT INTO profile(username, first_name, last_name, mobile_number, email, password, birthday)
VALUES ('echodelta', 'echo', 'deltason', '57501320', 'echodelta@gmail.com', 'foobar' ,'1970-01-15');

INSERT INTO profile(username, first_name, last_name, mobile_number, email, password, birthday)
VALUES ('echofoxtrot', 'echo', 'foxtrotson', '66952255', 'echofoxtrot@gmail.com', 'foobar' ,'1955-01-27');

INSERT INTO profile(username, first_name, last_name, mobile_number, email, password, birthday)
VALUES ('echogolf', 'echo', 'golfson', '76403190', 'echogolf@gmail.com', 'foobar' ,'1990-01-20');

INSERT INTO profile(username, first_name, last_name, mobile_number, email, password, birthday)
VALUES ('echohotel', 'echo', 'hotelson', '85854125', 'echohotel@gmail.com', 'foobar' ,'1975-01-13');

INSERT INTO profile(username, first_name, last_name, mobile_number, email, password, birthday)
VALUES ('echoindia', 'echo', 'indiason', '95305060', 'echoindia@gmail.com', 'foobar' ,'1960-01-25');

INSERT INTO profile(username, first_name, last_name, mobile_number, email, password, birthday)
VALUES ('echojuliet', 'echo', 'julietson', '14755996', 'echojuliet@gmail.com', 'foobar' ,'1996-01-17');

INSERT INTO profile(username, first_name, last_name, mobile_number, email, password, birthday)
VALUES ('echokilo', 'echo', 'kiloson', '24206931', 'echokilo@gmail.com', 'foobar' ,'1981-01-10');

INSERT INTO profile(username, first_name, last_name, mobile_number, email, password, birthday)
VALUES ('foxtrotalpha', 'foxtrot', 'alphason', '33657866', 'foxtrotalpha@gmail.com', 'foobar' ,'1966-01-22');

INSERT INTO profile(username, first_name, last_name, mobile_number, email, password, birthday)
VALUES ('foxtrotbravo', 'foxtrot', 'bravoson', '43108801', 'foxtrotbravo@gmail.com', 'foobar' ,'1951-01-15');

INSERT INTO profile(username, first_name, last_name, mobile_number, email, password, birthday)
VALUES ('foxtrotcharlie', 'foxtrot', 'charlieson', '52559736', 'foxtrotcharlie@gmail.com', 'foobar' ,'1986-01-27');

INSERT INTO profile(username, first_name, last_name, mobile_number, email, password, birthday)
VALUES ('foxtrotdelta', 'foxtrot', 'deltason', '62010671', 'foxtrotdelta@gmail.com', 'foobar' ,'1971-01-20');

INSERT INTO profile(username, first_name, last_name, mobile_number, email, password, birthday)
VALUES ('foxtrotecho', 'foxtrot', 'echoson', '71461606', 'foxtrotecho@gmail.com', 'foobar' ,'1956-01-13');

INSERT INTO profile(username, first_name, last_name, mobile_number, email, password, birthday)
VALUES ('foxtrotgolf', 'foxtrot', 'golfson', '80912541', 'foxtrotgolf@gmail.com', 'foobar' ,'1991-01-25');

INSERT INTO profile(username, first_name, last_name, mobile_number, email, password, birthday)
VALUES ('foxtrothotel', 'foxtrot', 'hotelson', '90363476', 'foxtrothotel@gmail.com', 'foobar' ,'1976-01-18');

INSERT INTO profile(username, first_name, last_name, mobile_number, email, password, birthday)
VALUES ('foxtrotindia', 'foxtrot', 'indiason', '99814411', 'foxtrotindia@gmail.com', 'foobar' ,'1961-01-11');

INSERT INTO profile(username, first_name, last_name, mobile_number, email, password, birthday)
VALUES ('foxtrotjuliet', 'foxtrot', 'julietson', '19265347', 'foxtrotjuliet@gmail.com', 'foobar' ,'1997-01-22');

INSERT INTO profile(username, first_name, last_name, mobile_number, email, password, birthday)
VALUES ('foxtrotkilo', 'foxtrot', 'kiloson', '28716282', 'foxtrotkilo@gmail.com', 'foobar' ,'1982-01-15');

INSERT INTO profile(username, first_name, last_name, mobile_number, email, password, birthday)
VALUES ('golfalpha', 'golf', 'alphason', '38167217', 'golfalpha@gmail.com', 'foobar' ,'1967-01-27');

INSERT INTO profile(username, first_name, last_name, mobile_number, email, password, birthday)
VALUES ('golfbravo', 'golf', 'bravoson', '47618152', 'golfbravo@gmail.com', 'foobar' ,'1952-01-20');

INSERT INTO profile(username, first_name, last_name, mobile_number, email, password, birthday)
VALUES ('golfcharlie', 'golf', 'charlieson', '57069087', 'golfcharlie@gmail.com', 'foobar' ,'1987-01-13');

INSERT INTO profile(username, first_name, last_name, mobile_number, email, password, birthday)
VALUES ('golfdelta', 'golf', 'deltason', '66520022', 'golfdelta@gmail.com', 'foobar' ,'1972-01-25');

INSERT INTO profile(username, first_name, last_name, mobile_number, email, password, birthday)
VALUES ('golfecho', 'golf', 'echoson', '75970957', 'golfecho@gmail.com', 'foobar' ,'1957-01-18');

INSERT INTO profile(username, first_name, last_name, mobile_number, email, password, birthday)
VALUES ('golffoxtrot', 'golf', 'foxtrotson', '85421892', 'golffoxtrot@gmail.com', 'foobar' ,'1992-01-11');

INSERT INTO profile(username, first_name, last_name, mobile_number, email, password, birthday)
VALUES ('golfhotel', 'golf', 'hotelson', '94872827', 'golfhotel@gmail.com', 'foobar' ,'1977-01-23');

INSERT INTO profile(username, first_name, last_name, mobile_number, email, password, birthday)
VALUES ('golfindia', 'golf', 'indiason', '14323763', 'golfindia@gmail.com', 'foobar' ,'1963-01-15');

INSERT INTO profile(username, first_name, last_name, mobile_number, email, password, birthday)
VALUES ('golfjuliet', 'golf', 'julietson', '23774698', 'golfjuliet@gmail.com', 'foobar' ,'1998-01-27');

INSERT INTO profile(username, first_name, last_name, mobile_number, email, password, birthday)
VALUES ('golfkilo', 'golf', 'kiloson', '33225633', 'golfkilo@gmail.com', 'foobar' ,'1983-01-20');

INSERT INTO profile(username, first_name, last_name, mobile_number, email, password, birthday)
VALUES ('hotelalpha', 'hotel', 'alphason', '42676568', 'hotelalpha@gmail.com', 'foobar' ,'1968-01-13');

INSERT INTO profile(username, first_name, last_name, mobile_number, email, password, birthday)
VALUES ('hotelbravo', 'hotel', 'bravoson', '52127503', 'hotelbravo@gmail.com', 'foobar' ,'1953-01-25');

INSERT INTO profile(username, first_name, last_name, mobile_number, email, password, birthday)
VALUES ('hotelcharlie', 'hotel', 'charlieson', '61578438', 'hotelcharlie@gmail.com', 'foobar' ,'1988-01-18');

INSERT INTO profile(username, first_name, last_name, mobile_number, email, password, birthday)
VALUES ('hoteldelta', 'hotel', 'deltason', '71029373', 'hoteldelta@gmail.com', 'foobar' ,'1973-01-11');

INSERT INTO profile(username, first_name, last_name, mobile_number, email, password, birthday)
VALUES ('hotelecho', 'hotel', 'echoson', '80480308', 'hotelecho@gmail.com', 'foobar' ,'1958-01-23');

INSERT INTO profile(username, first_name, last_name, mobile_number, email, password, birthday)
VALUES ('hotelfoxtrot', 'hotel', 'foxtrotson', '89931243', 'hotelfoxtrot@gmail.com', 'foobar' ,'1993-01-16');

INSERT INTO profile(username, first_name, last_name, mobile_number, email, password, birthday)
VALUES ('hotelgolf', 'hotel', 'golfson', '99382178', 'hotelgolf@gmail.com', 'foobar' ,'1978-01-28');

INSERT INTO profile(username, first_name, last_name, mobile_number, email, password, birthday)
VALUES ('hotelindia', 'hotel', 'indiason', '18833114', 'hotelindia@gmail.com', 'foobar' ,'1964-01-20');

INSERT INTO profile(username, first_name, last_name, mobile_number, email, password, birthday)
VALUES ('hoteljuliet', 'hotel', 'julietson', '28284049', 'hoteljuliet@gmail.com', 'foobar' ,'1999-01-13');

INSERT INTO profile(username, first_name, last_name, mobile_number, email, password, birthday)
VALUES ('hotelkilo', 'hotel', 'kiloson', '37734984', 'hotelkilo@gmail.com', 'foobar' ,'1984-01-25');

INSERT INTO profile(username, first_name, last_name, mobile_number, email, password, birthday)
VALUES ('indiaalpha', 'india', 'alphason', '47185919', 'indiaalpha@gmail.com', 'foobar' ,'1969-01-18');

INSERT INTO profile(username, first_name, last_name, mobile_number, email, password, birthday)
VALUES ('indiabravo', 'india', 'bravoson', '56636854', 'indiabravo@gmail.com', 'foobar' ,'1954-01-11');

INSERT INTO profile(username, first_name, last_name, mobile_number, email, password, birthday)
VALUES ('indiacharlie', 'india', 'charlieson', '66087789', 'indiacharlie@gmail.com', 'foobar' ,'1989-01-23');

INSERT INTO profile(username, first_name, last_name, mobile_number, email, password, birthday)
VALUES ('indiadelta', 'india', 'deltason', '75538724', 'indiadelta@gmail.com', 'foobar' ,'1974-01-16');

INSERT INTO profile(username, first_name, last_name, mobile_number, email, password, birthday)
VALUES ('indiaecho', 'india', 'echoson', '84989659', 'indiaecho@gmail.com', 'foobar' ,'1959-01-28');

INSERT INTO profile(username, first_name, last_name, mobile_number, email, password, birthday)
VALUES ('indiafoxtrot', 'india', 'foxtrotson', '94440594', 'indiafoxtrot@gmail.com', 'foobar' ,'1994-01-21');

INSERT INTO profile(username, first_name, last_name, mobile_number, email, password, birthday)
VALUES ('indiagolf', 'india', 'golfson', '13891530', 'indiagolf@gmail.com', 'foobar' ,'1980-01-13');

INSERT INTO profile(username, first_name, last_name, mobile_number, email, password, birthday)
VALUES ('indiahotel', 'india', 'hotelson', '23342465', 'indiahotel@gmail.com', 'foobar' ,'1965-01-25');

INSERT INTO profile(username, first_name, last_name, mobile_number, email, password, birthday)
VALUES ('indiajuliet', 'india', 'julietson', '32793400', 'indiajuliet@gmail.com', 'foobar' ,'1950-01-18');

INSERT INTO profile(username, first_name, last_name, mobile_number, email, password, birthday)
VALUES ('indiakilo', 'india', 'kiloson', '42244335', 'indiakilo@gmail.com', 'foobar' ,'1985-01-11');

INSERT INTO profile(username, first_name, last_name, mobile_number, email, password, birthday)
VALUES ('julietalpha', 'juliet', 'alphason', '51695270', 'julietalpha@gmail.com', 'foobar' ,'1970-01-23');

INSERT INTO profile(username, first_name, last_name, mobile_number, email, password, birthday)
VALUES ('julietbravo', 'juliet', 'bravoson', '61146205', 'julietbravo@gmail.com', 'foobar' ,'1955-01-16');

INSERT INTO profile(username, first_name, last_name, mobile_number, email, password, birthday)
VALUES ('julietcharlie', 'juliet', 'charlieson', '70597140', 'julietcharlie@gmail.com', 'foobar' ,'1990-01-28');

INSERT INTO profile(username, first_name, last_name, mobile_number, email, password, birthday)
VALUES ('julietdelta', 'juliet', 'deltason', '80048075', 'julietdelta@gmail.com', 'foobar' ,'1975-01-21');

INSERT INTO profile(username, first_name, last_name, mobile_number, email, password, birthday)
VALUES ('julietecho', 'juliet', 'echoson', '89499010', 'julietecho@gmail.com', 'foobar' ,'1960-01-14');

INSERT INTO profile(username, first_name, last_name, mobile_number, email, password, birthday)
VALUES ('julietfoxtrot', 'juliet', 'foxtrotson', '98949945', 'julietfoxtrot@gmail.com', 'foobar' ,'1995-01-26');

INSERT INTO profile(username, first_name, last_name, mobile_number, email, password, birthday)
VALUES ('julietgolf', 'juliet', 'golfson', '18400881', 'julietgolf@gmail.com', 'foobar' ,'1981-01-18');

INSERT INTO profile(username, first_name, last_name, mobile_number, email, password, birthday)
VALUES ('juliethotel', 'juliet', 'hotelson', '27851816', 'juliethotel@gmail.com', 'foobar' ,'1966-01-11');

INSERT INTO profile(username, first_name, last_name, mobile_number, email, password, birthday)
VALUES ('julietindia', 'juliet', 'indiason', '37302751', 'julietindia@gmail.com', 'foobar' ,'1951-01-23');

INSERT INTO profile(username, first_name, last_name, mobile_number, email, password, birthday)
VALUES ('julietkilo', 'juliet', 'kiloson', '46753686', 'julietkilo@gmail.com', 'foobar' ,'1986-01-16');

INSERT INTO profile(username, first_name, last_name, mobile_number, email, password, birthday)
VALUES ('kiloalpha', 'kilo', 'alphason', '56204621', 'kiloalpha@gmail.com', 'foobar' ,'1971-01-28');

INSERT INTO profile(username, first_name, last_name, mobile_number, email, password, birthday)
VALUES ('kilobravo', 'kilo', 'bravoson', '65655556', 'kilobravo@gmail.com', 'foobar' ,'1956-01-21');

INSERT INTO profile(username, first_name, last_name, mobile_number, email, password, birthday)
VALUES ('kilocharlie', 'kilo', 'charlieson', '75106491', 'kilocharlie@gmail.com', 'foobar' ,'1991-01-14');

INSERT INTO profile(username, first_name, last_name, mobile_number, email, password, birthday)
VALUES ('kilodelta', 'kilo', 'deltason', '84557426', 'kilodelta@gmail.com', 'foobar' ,'1976-01-26');

INSERT INTO profile(username, first_name, last_name, mobile_number, email, password, birthday)
VALUES ('kiloecho', 'kilo', 'echoson', '94008361', 'kiloecho@gmail.com', 'foobar' ,'1961-01-19');

INSERT INTO profile(username, first_name, last_name, mobile_number, email, password, birthday)
VALUES ('kilofoxtrot', 'kilo', 'foxtrotson', '13459297', 'kilofoxtrot@gmail.com', 'foobar' ,'1997-01-11');

INSERT INTO profile(username, first_name, last_name, mobile_number, email, password, birthday)
VALUES ('kilogolf', 'kilo', 'golfson', '22910232', 'kilogolf@gmail.com', 'foobar' ,'1982-01-23');

INSERT INTO profile(username, first_name, last_name, mobile_number, email, password, birthday)
VALUES ('kilohotel', 'kilo', 'hotelson', '32361167', 'kilohotel@gmail.com', 'foobar' ,'1967-01-16');

INSERT INTO profile(username, first_name, last_name, mobile_number, email, password, birthday)
VALUES ('kiloindia', 'kilo', 'indiason', '41812102', 'kiloindia@gmail.com', 'foobar' ,'1952-01-28');

INSERT INTO profile(username, first_name, last_name, mobile_number, email, password, birthday)
VALUES ('kilojuliet', 'kilo', 'julietson', '51263037', 'kilojuliet@gmail.com', 'foobar' ,'1987-01-21');

INSERT INTO car(license_plate, total_seats, color, model, make, username)
VALUES ('car1', '6', 'red', 'toyota', 'bravo', 'alphabravo');

INSERT INTO car(license_plate, total_seats, color, model, make, username)
VALUES ('car3', '5', 'red', 'toyota', 'charlie', 'alphabravo');

INSERT INTO car(license_plate, total_seats, color, model, make, username)
VALUES ('car2', '5', 'red', 'toyota', 'charlie', 'alphacharlie');

INSERT INTO car(license_plate, total_seats, color, model, make, username)
VALUES ('car4', '6', 'red', 'toyota', 'echo', 'alphaecho');

INSERT INTO car(license_plate, total_seats, color, model, make, username)
VALUES ('car5', '5', 'red', 'toyota', 'foxtrot', 'alphafoxtrot');

INSERT INTO car(license_plate, total_seats, color, model, make, username)
VALUES ('car6', '4', 'red', 'toyota', 'golf', 'alphagolf');

INSERT INTO car(license_plate, total_seats, color, model, make, username)
VALUES ('car7', '6', 'red', 'toyota', 'hotel', 'alphahotel');

INSERT INTO car(license_plate, total_seats, color, model, make, username)
VALUES ('car8', '5', 'red', 'toyota', 'india', 'alphaindia');

INSERT INTO car(license_plate, total_seats, color, model, make, username)
VALUES ('car9', '4', 'red', 'toyota', 'juliet', 'alphajuliet');

INSERT INTO car(license_plate, total_seats, color, model, make, username)
VALUES ('car10', '6', 'red', 'toyota', 'kilo', 'alphakilo');

INSERT INTO car(license_plate, total_seats, color, model, make, username)
VALUES ('car11', '6', 'red', 'toyota', 'alpha', 'bravoalpha');

INSERT INTO car(license_plate, total_seats, color, model, make, username)
VALUES ('car12', '5', 'red', 'toyota', 'charlie', 'bravocharlie');

INSERT INTO car(license_plate, total_seats, color, model, make, username)
VALUES ('car13', '4', 'red', 'toyota', 'delta', 'bravodelta');

INSERT INTO car(license_plate, total_seats, color, model, make, username)
VALUES ('car14', '6', 'red', 'toyota', 'echo', 'bravoecho');

INSERT INTO car(license_plate, total_seats, color, model, make, username)
VALUES ('car15', '5', 'red', 'toyota', 'foxtrot', 'bravofoxtrot');

INSERT INTO car(license_plate, total_seats, color, model, make, username)
VALUES ('car16', '4', 'red', 'toyota', 'golf', 'bravogolf');

INSERT INTO car(license_plate, total_seats, color, model, make, username)
VALUES ('car17', '6', 'red', 'toyota', 'hotel', 'bravohotel');

INSERT INTO car(license_plate, total_seats, color, model, make, username)
VALUES ('car18', '5', 'red', 'toyota', 'india', 'bravoindia');

INSERT INTO car(license_plate, total_seats, color, model, make, username)
VALUES ('car19', '4', 'red', 'toyota', 'juliet', 'bravojuliet');

INSERT INTO car(license_plate, total_seats, color, model, make, username)
VALUES ('car20', '4', 'red', 'toyota', 'kilo', 'bravokilo');

INSERT INTO car(license_plate, total_seats, color, model, make, username)
VALUES ('car21', '6', 'red', 'toyota', 'alpha', 'charliealpha');

INSERT INTO car(license_plate, total_seats, color, model, make, username)
VALUES ('car22', '5', 'red', 'toyota', 'bravo', 'charliebravo');

INSERT INTO car(license_plate, total_seats, color, model, make, username)
VALUES ('car23', '4', 'red', 'toyota', 'delta', 'charliedelta');

INSERT INTO car(license_plate, total_seats, color, model, make, username)
VALUES ('car24', '6', 'red', 'toyota', 'echo', 'charlieecho');

INSERT INTO car(license_plate, total_seats, color, model, make, username)
VALUES ('car25', '5', 'red', 'toyota', 'foxtrot', 'charliefoxtrot');

INSERT INTO car(license_plate, total_seats, color, model, make, username)
VALUES ('car26', '4', 'red', 'toyota', 'golf', 'charliegolf');

INSERT INTO car(license_plate, total_seats, color, model, make, username)
VALUES ('car27', '6', 'red', 'toyota', 'hotel', 'charliehotel');

INSERT INTO car(license_plate, total_seats, color, model, make, username)
VALUES ('car28', '5', 'red', 'toyota', 'india', 'charlieindia');

INSERT INTO car(license_plate, total_seats, color, model, make, username)
VALUES ('car29', '4', 'red', 'toyota', 'juliet', 'charliejuliet');

INSERT INTO car(license_plate, total_seats, color, model, make, username)
VALUES ('car30', '4', 'red', 'toyota', 'kilo', 'charliekilo');

INSERT INTO car(license_plate, total_seats, color, model, make, username)
VALUES ('car31', '6', 'red', 'toyota', 'alpha', 'deltaalpha');

INSERT INTO car(license_plate, total_seats, color, model, make, username)
VALUES ('car32', '5', 'red', 'toyota', 'bravo', 'deltabravo');

INSERT INTO car(license_plate, total_seats, color, model, make, username)
VALUES ('car33', '4', 'red', 'toyota', 'charlie', 'deltacharlie');

INSERT INTO car(license_plate, total_seats, color, model, make, username)
VALUES ('car34', '6', 'red', 'toyota', 'echo', 'deltaecho');

INSERT INTO car(license_plate, total_seats, color, model, make, username)
VALUES ('car35', '5', 'red', 'toyota', 'foxtrot', 'deltafoxtrot');

INSERT INTO car(license_plate, total_seats, color, model, make, username)
VALUES ('car36', '4', 'red', 'toyota', 'golf', 'deltagolf');

INSERT INTO car(license_plate, total_seats, color, model, make, username)
VALUES ('car37', '6', 'red', 'toyota', 'hotel', 'deltahotel');

INSERT INTO car(license_plate, total_seats, color, model, make, username)
VALUES ('car38', '5', 'red', 'toyota', 'india', 'deltaindia');

INSERT INTO car(license_plate, total_seats, color, model, make, username)
VALUES ('car39', '5', 'red', 'toyota', 'juliet', 'deltajuliet');

INSERT INTO car(license_plate, total_seats, color, model, make, username)
VALUES ('car40', '4', 'red', 'toyota', 'kilo', 'deltakilo');

INSERT INTO car(license_plate, total_seats, color, model, make, username)
VALUES ('car41', '6', 'red', 'toyota', 'alpha', 'echoalpha');

INSERT INTO car(license_plate, total_seats, color, model, make, username)
VALUES ('car42', '5', 'red', 'toyota', 'bravo', 'echobravo');

INSERT INTO car(license_plate, total_seats, color, model, make, username)
VALUES ('car43', '4', 'red', 'toyota', 'charlie', 'echocharlie');

INSERT INTO car(license_plate, total_seats, color, model, make, username)
VALUES ('car44', '6', 'red', 'toyota', 'delta', 'echodelta');

INSERT INTO car(license_plate, total_seats, color, model, make, username)
VALUES ('car45', '5', 'red', 'toyota', 'foxtrot', 'echofoxtrot');

INSERT INTO car(license_plate, total_seats, color, model, make, username)
VALUES ('car46', '4', 'red', 'toyota', 'golf', 'echogolf');

INSERT INTO car(license_plate, total_seats, color, model, make, username)
VALUES ('car47', '6', 'red', 'toyota', 'hotel', 'echohotel');

INSERT INTO car(license_plate, total_seats, color, model, make, username)
VALUES ('car48', '5', 'red', 'toyota', 'india', 'echoindia');

INSERT INTO car(license_plate, total_seats, color, model, make, username)
VALUES ('car49', '5', 'red', 'toyota', 'juliet', 'echojuliet');

INSERT INTO car(license_plate, total_seats, color, model, make, username)
VALUES ('car50', '4', 'red', 'toyota', 'kilo', 'echokilo');

INSERT INTO car(license_plate, total_seats, color, model, make, username)
VALUES ('car51', '6', 'red', 'toyota', 'alpha', 'foxtrotalpha');

INSERT INTO car(license_plate, total_seats, color, model, make, username)
VALUES ('car52', '5', 'red', 'toyota', 'bravo', 'foxtrotbravo');

INSERT INTO car(license_plate, total_seats, color, model, make, username)
VALUES ('car53', '4', 'red', 'toyota', 'charlie', 'foxtrotcharlie');

INSERT INTO car(license_plate, total_seats, color, model, make, username)
VALUES ('car54', '6', 'red', 'toyota', 'delta', 'foxtrotdelta');

INSERT INTO car(license_plate, total_seats, color, model, make, username)
VALUES ('car55', '5', 'red', 'toyota', 'echo', 'foxtrotecho');

INSERT INTO car(license_plate, total_seats, color, model, make, username)
VALUES ('car56', '4', 'red', 'toyota', 'golf', 'foxtrotgolf');

INSERT INTO car(license_plate, total_seats, color, model, make, username)
VALUES ('car57', '6', 'red', 'toyota', 'hotel', 'foxtrothotel');

INSERT INTO car(license_plate, total_seats, color, model, make, username)
VALUES ('car58', '5', 'red', 'toyota', 'india', 'foxtrotindia');

INSERT INTO car(license_plate, total_seats, color, model, make, username)
VALUES ('car59', '5', 'red', 'toyota', 'juliet', 'foxtrotjuliet');

INSERT INTO car(license_plate, total_seats, color, model, make, username)
VALUES ('car60', '4', 'red', 'toyota', 'kilo', 'foxtrotkilo');

INSERT INTO car(license_plate, total_seats, color, model, make, username)
VALUES ('car61', '6', 'red', 'toyota', 'alpha', 'golfalpha');

INSERT INTO car(license_plate, total_seats, color, model, make, username)
VALUES ('car62', '5', 'red', 'toyota', 'bravo', 'golfbravo');

INSERT INTO car(license_plate, total_seats, color, model, make, username)
VALUES ('car63', '4', 'red', 'toyota', 'charlie', 'golfcharlie');

INSERT INTO car(license_plate, total_seats, color, model, make, username)
VALUES ('car64', '6', 'red', 'toyota', 'delta', 'golfdelta');

INSERT INTO car(license_plate, total_seats, color, model, make, username)
VALUES ('car65', '5', 'red', 'toyota', 'echo', 'golfecho');

INSERT INTO car(license_plate, total_seats, color, model, make, username)
VALUES ('car66', '4', 'red', 'toyota', 'foxtrot', 'golffoxtrot');

INSERT INTO car(license_plate, total_seats, color, model, make, username)
VALUES ('car67', '6', 'red', 'toyota', 'hotel', 'golfhotel');

INSERT INTO car(license_plate, total_seats, color, model, make, username)
VALUES ('car68', '6', 'red', 'toyota', 'india', 'golfindia');

INSERT INTO car(license_plate, total_seats, color, model, make, username)
VALUES ('car69', '5', 'red', 'toyota', 'juliet', 'golfjuliet');

INSERT INTO car(license_plate, total_seats, color, model, make, username)
VALUES ('car70', '4', 'red', 'toyota', 'kilo', 'golfkilo');

INSERT INTO car(license_plate, total_seats, color, model, make, username)
VALUES ('car71', '6', 'red', 'toyota', 'alpha', 'hotelalpha');

INSERT INTO car(license_plate, total_seats, color, model, make, username)
VALUES ('car72', '5', 'red', 'toyota', 'bravo', 'hotelbravo');

INSERT INTO car(license_plate, total_seats, color, model, make, username)
VALUES ('car73', '4', 'red', 'toyota', 'charlie', 'hotelcharlie');

INSERT INTO car(license_plate, total_seats, color, model, make, username)
VALUES ('car74', '6', 'red', 'toyota', 'delta', 'hoteldelta');

INSERT INTO car(license_plate, total_seats, color, model, make, username)
VALUES ('car75', '5', 'red', 'toyota', 'echo', 'hotelecho');

INSERT INTO car(license_plate, total_seats, color, model, make, username)
VALUES ('car76', '4', 'red', 'toyota', 'foxtrot', 'hotelfoxtrot');

INSERT INTO car(license_plate, total_seats, color, model, make, username)
VALUES ('car77', '6', 'red', 'toyota', 'golf', 'hotelgolf');

INSERT INTO car(license_plate, total_seats, color, model, make, username)
VALUES ('car78', '6', 'red', 'toyota', 'india', 'hotelindia');

INSERT INTO car(license_plate, total_seats, color, model, make, username)
VALUES ('car79', '5', 'red', 'toyota', 'juliet', 'hoteljuliet');

INSERT INTO car(license_plate, total_seats, color, model, make, username)
VALUES ('car80', '4', 'red', 'toyota', 'kilo', 'hotelkilo');

INSERT INTO car(license_plate, total_seats, color, model, make, username)
VALUES ('car81', '6', 'red', 'toyota', 'alpha', 'indiaalpha');

INSERT INTO car(license_plate, total_seats, color, model, make, username)
VALUES ('car82', '5', 'red', 'toyota', 'bravo', 'indiabravo');

INSERT INTO car(license_plate, total_seats, color, model, make, username)
VALUES ('car83', '4', 'red', 'toyota', 'charlie', 'indiacharlie');

INSERT INTO car(license_plate, total_seats, color, model, make, username)
VALUES ('car84', '6', 'red', 'toyota', 'delta', 'indiadelta');

INSERT INTO car(license_plate, total_seats, color, model, make, username)
VALUES ('car85', '5', 'red', 'toyota', 'echo', 'indiaecho');

INSERT INTO car(license_plate, total_seats, color, model, make, username)
VALUES ('car86', '4', 'red', 'toyota', 'foxtrot', 'indiafoxtrot');

INSERT INTO car(license_plate, total_seats, color, model, make, username)
VALUES ('car87', '4', 'red', 'toyota', 'golf', 'indiagolf');

INSERT INTO car(license_plate, total_seats, color, model, make, username)
VALUES ('car88', '6', 'red', 'toyota', 'hotel', 'indiahotel');

INSERT INTO car(license_plate, total_seats, color, model, make, username)
VALUES ('car89', '5', 'red', 'toyota', 'juliet', 'indiajuliet');

INSERT INTO car(license_plate, total_seats, color, model, make, username)
VALUES ('car90', '4', 'red', 'toyota', 'kilo', 'indiakilo');

INSERT INTO car(license_plate, total_seats, color, model, make, username)
VALUES ('car91', '6', 'red', 'toyota', 'alpha', 'julietalpha');

INSERT INTO car(license_plate, total_seats, color, model, make, username)
VALUES ('car92', '5', 'red', 'toyota', 'bravo', 'julietbravo');

INSERT INTO car(license_plate, total_seats, color, model, make, username)
VALUES ('car93', '4', 'red', 'toyota', 'charlie', 'julietcharlie');

INSERT INTO car(license_plate, total_seats, color, model, make, username)
VALUES ('car94', '6', 'red', 'toyota', 'delta', 'julietdelta');

INSERT INTO car(license_plate, total_seats, color, model, make, username)
VALUES ('car95', '5', 'red', 'toyota', 'echo', 'julietecho');

INSERT INTO car(license_plate, total_seats, color, model, make, username)
VALUES ('car96', '4', 'red', 'toyota', 'foxtrot', 'julietfoxtrot');

INSERT INTO car(license_plate, total_seats, color, model, make, username)
VALUES ('car97', '4', 'red', 'toyota', 'golf', 'julietgolf');

INSERT INTO car(license_plate, total_seats, color, model, make, username)
VALUES ('car98', '6', 'red', 'toyota', 'hotel', 'juliethotel');

INSERT INTO car(license_plate, total_seats, color, model, make, username)
VALUES ('car99', '5', 'red', 'toyota', 'india', 'julietindia');

INSERT INTO car(license_plate, total_seats, color, model, make, username)
VALUES ('car100', '4', 'red', 'toyota', 'kilo', 'julietkilo');

INSERT INTO car(license_plate, total_seats, color, model, make, username)
VALUES ('car101', '6', 'red', 'toyota', 'alpha', 'kiloalpha');

INSERT INTO car(license_plate, total_seats, color, model, make, username)
VALUES ('car102', '5', 'red', 'toyota', 'bravo', 'kilobravo');

INSERT INTO car(license_plate, total_seats, color, model, make, username)
VALUES ('car103', '4', 'red', 'toyota', 'charlie', 'kilocharlie');

INSERT INTO car(license_plate, total_seats, color, model, make, username)
VALUES ('car104', '6', 'red', 'toyota', 'delta', 'kilodelta');

INSERT INTO car(license_plate, total_seats, color, model, make, username)
VALUES ('car105', '5', 'red', 'toyota', 'echo', 'kiloecho');

INSERT INTO car(license_plate, total_seats, color, model, make, username)
VALUES ('car106', '5', 'red', 'toyota', 'foxtrot', 'kilofoxtrot');

INSERT INTO car(license_plate, total_seats, color, model, make, username)
VALUES ('car107', '4', 'red', 'toyota', 'golf', 'kilogolf');

INSERT INTO car(license_plate, total_seats, color, model, make, username)
VALUES ('car108', '6', 'red', 'toyota', 'hotel', 'kilohotel');

INSERT INTO car(license_plate, total_seats, color, model, make, username)
VALUES ('car109', '5', 'red', 'toyota', 'india', 'kiloindia');

INSERT INTO car(license_plate, total_seats, color, model, make, username)
VALUES ('car110', '4', 'red', 'toyota', 'juliet', 'kilojuliet');

INSERT INTO post(license_plate, owner, seats_available, origin, destination, depart_date, depart_time)
VALUES ('car1', 'alphabravo', '3', 'start1', 'end1', '2020-01-28', '01:00:00');

INSERT INTO post(license_plate, owner, seats_available, origin, destination, depart_date, depart_time)
VALUES ('car3', 'alphabravo', '2', 'start3', 'end3', '2017-01-30', '02:00:00');

INSERT INTO post(license_plate, owner, seats_available, origin, destination, depart_date, depart_time)
VALUES ('car2', 'alphacharlie', '2', 'start2', 'end2', '2018-04-16', '06:00:00');

INSERT INTO post(license_plate, owner, seats_available, origin, destination, depart_date, depart_time)
VALUES ('car4', 'alphaecho', '0', 'start4', 'end4', '2025-01-25', '06:00:00');

INSERT INTO post(license_plate, owner, seats_available, origin, destination, depart_date, depart_time)
VALUES ('car5', 'alphafoxtrot', '3', 'start5', 'end5', '2020-01-24', '01:00:00');

INSERT INTO post(license_plate, owner, seats_available, origin, destination, depart_date, depart_time)
VALUES ('car6', 'alphagolf', '2', 'start6', 'end6', '2025-01-23', '06:00:00');

INSERT INTO post(license_plate, owner, seats_available, origin, destination, depart_date, depart_time)
VALUES ('car7', 'alphahotel', '1', 'start7', 'end7', '2020-01-22', '01:00:00');

INSERT INTO post(license_plate, owner, seats_available, origin, destination, depart_date, depart_time)
VALUES ('car8', 'alphaindia', '0', 'start8', 'end8', '2025-01-21', '06:00:00');

INSERT INTO post(license_plate, owner, seats_available, origin, destination, depart_date, depart_time)
VALUES ('car9', 'alphajuliet', '3', 'start9', 'end9', '2020-01-20', '01:00:00');

INSERT INTO post(license_plate, owner, seats_available, origin, destination, depart_date, depart_time)
VALUES ('car10', 'alphakilo', '2', 'start10', 'end10', '2025-01-19', '06:00:00');

INSERT INTO post(license_plate, owner, seats_available, origin, destination, depart_date, depart_time)
VALUES ('car11', 'bravoalpha', '2', 'start11', 'end11', '2021-01-19', '02:00:00');

INSERT INTO post(license_plate, owner, seats_available, origin, destination, depart_date, depart_time)
VALUES ('car12', 'bravocharlie', '1', 'start12', 'end12', '2026-01-18', '07:00:00');

INSERT INTO post(license_plate, owner, seats_available, origin, destination, depart_date, depart_time)
VALUES ('car13', 'bravodelta', '0', 'start13', 'end13', '2021-01-17', '02:00:00');

INSERT INTO post(license_plate, owner, seats_available, origin, destination, depart_date, depart_time)
VALUES ('car14', 'bravoecho', '3', 'start14', 'end14', '2026-01-16', '07:00:00');

INSERT INTO post(license_plate, owner, seats_available, origin, destination, depart_date, depart_time)
VALUES ('car15', 'bravofoxtrot', '2', 'start15', 'end15', '2021-01-15', '02:00:00');

INSERT INTO post(license_plate, owner, seats_available, origin, destination, depart_date, depart_time)
VALUES ('car16', 'bravogolf', '1', 'start16', 'end16', '2026-01-14', '07:00:00');

INSERT INTO post(license_plate, owner, seats_available, origin, destination, depart_date, depart_time)
VALUES ('car17', 'bravohotel', '0', 'start17', 'end17', '2021-01-13', '02:00:00');

INSERT INTO post(license_plate, owner, seats_available, origin, destination, depart_date, depart_time)
VALUES ('car18', 'bravoindia', '3', 'start18', 'end18', '2026-01-12', '07:00:00');

INSERT INTO post(license_plate, owner, seats_available, origin, destination, depart_date, depart_time)
VALUES ('car19', 'bravojuliet', '2', 'start19', 'end19', '2021-01-11', '02:00:00');

INSERT INTO post(license_plate, owner, seats_available, origin, destination, depart_date, depart_time)
VALUES ('car20', 'bravokilo', '2', 'start20', 'end20', '2027-01-11', '08:00:00');

INSERT INTO post(license_plate, owner, seats_available, origin, destination, depart_date, depart_time)
VALUES ('car21', 'charliealpha', '1', 'start21', 'end21', '2022-01-28', '03:00:00');

INSERT INTO post(license_plate, owner, seats_available, origin, destination, depart_date, depart_time)
VALUES ('car22', 'charliebravo', '0', 'start22', 'end22', '2027-01-27', '08:00:00');

INSERT INTO post(license_plate, owner, seats_available, origin, destination, depart_date, depart_time)
VALUES ('car23', 'charliedelta', '3', 'start23', 'end23', '2022-01-26', '03:00:00');

INSERT INTO post(license_plate, owner, seats_available, origin, destination, depart_date, depart_time)
VALUES ('car24', 'charlieecho', '2', 'start24', 'end24', '2027-01-25', '08:00:00');

INSERT INTO post(license_plate, owner, seats_available, origin, destination, depart_date, depart_time)
VALUES ('car25', 'charliefoxtrot', '1', 'start25', 'end25', '2022-01-24', '03:00:00');

INSERT INTO post(license_plate, owner, seats_available, origin, destination, depart_date, depart_time)
VALUES ('car26', 'charliegolf', '0', 'start26', 'end26', '2027-01-23', '08:00:00');

INSERT INTO post(license_plate, owner, seats_available, origin, destination, depart_date, depart_time)
VALUES ('car27', 'charliehotel', '3', 'start27', 'end27', '2022-01-22', '03:00:00');

INSERT INTO post(license_plate, owner, seats_available, origin, destination, depart_date, depart_time)
VALUES ('car28', 'charlieindia', '2', 'start28', 'end28', '2027-01-21', '08:00:00');

INSERT INTO post(license_plate, owner, seats_available, origin, destination, depart_date, depart_time)
VALUES ('car29', 'charliejuliet', '1', 'start29', 'end29', '2022-01-20', '03:00:00');

INSERT INTO post(license_plate, owner, seats_available, origin, destination, depart_date, depart_time)
VALUES ('car30', 'charliekilo', '1', 'start30', 'end30', '2028-01-20', '09:00:00');

INSERT INTO post(license_plate, owner, seats_available, origin, destination, depart_date, depart_time)
VALUES ('car31', 'deltaalpha', '0', 'start31', 'end31', '2023-01-19', '04:00:00');

INSERT INTO post(license_plate, owner, seats_available, origin, destination, depart_date, depart_time)
VALUES ('car32', 'deltabravo', '3', 'start32', 'end32', '2028-01-18', '09:00:00');

INSERT INTO post(license_plate, owner, seats_available, origin, destination, depart_date, depart_time)
VALUES ('car33', 'deltacharlie', '2', 'start33', 'end33', '2023-01-17', '04:00:00');

INSERT INTO post(license_plate, owner, seats_available, origin, destination, depart_date, depart_time)
VALUES ('car34', 'deltaecho', '1', 'start34', 'end34', '2028-01-16', '09:00:00');

INSERT INTO post(license_plate, owner, seats_available, origin, destination, depart_date, depart_time)
VALUES ('car35', 'deltafoxtrot', '0', 'start35', 'end35', '2023-01-15', '04:00:00');

INSERT INTO post(license_plate, owner, seats_available, origin, destination, depart_date, depart_time)
VALUES ('car36', 'deltagolf', '3', 'start36', 'end36', '2028-01-14', '09:00:00');

INSERT INTO post(license_plate, owner, seats_available, origin, destination, depart_date, depart_time)
VALUES ('car37', 'deltahotel', '2', 'start37', 'end37', '2023-01-13', '04:00:00');

INSERT INTO post(license_plate, owner, seats_available, origin, destination, depart_date, depart_time)
VALUES ('car38', 'deltaindia', '1', 'start38', 'end38', '2028-01-12', '09:00:00');

INSERT INTO post(license_plate, owner, seats_available, origin, destination, depart_date, depart_time)
VALUES ('car39', 'deltajuliet', '1', 'start39', 'end39', '2024-01-12', '05:00:00');

INSERT INTO post(license_plate, owner, seats_available, origin, destination, depart_date, depart_time)
VALUES ('car40', 'deltakilo', '0', 'start40', 'end40', '2019-01-11', '00:00:00');

INSERT INTO post(license_plate, owner, seats_available, origin, destination, depart_date, depart_time)
VALUES ('car41', 'echoalpha', '3', 'start41', 'end41', '2024-01-28', '05:00:00');

INSERT INTO post(license_plate, owner, seats_available, origin, destination, depart_date, depart_time)
VALUES ('car42', 'echobravo', '2', 'start42', 'end42', '2019-01-27', '00:00:00');

INSERT INTO post(license_plate, owner, seats_available, origin, destination, depart_date, depart_time)
VALUES ('car43', 'echocharlie', '1', 'start43', 'end43', '2024-01-26', '05:00:00');

INSERT INTO post(license_plate, owner, seats_available, origin, destination, depart_date, depart_time)
VALUES ('car44', 'echodelta', '0', 'start44', 'end44', '2019-01-25', '00:00:00');

INSERT INTO post(license_plate, owner, seats_available, origin, destination, depart_date, depart_time)
VALUES ('car45', 'echofoxtrot', '3', 'start45', 'end45', '2024-01-24', '05:00:00');

INSERT INTO post(license_plate, owner, seats_available, origin, destination, depart_date, depart_time)
VALUES ('car46', 'echogolf', '2', 'start46', 'end46', '2019-01-23', '00:00:00');

INSERT INTO post(license_plate, owner, seats_available, origin, destination, depart_date, depart_time)
VALUES ('car47', 'echohotel', '1', 'start47', 'end47', '2024-01-22', '05:00:00');

INSERT INTO post(license_plate, owner, seats_available, origin, destination, depart_date, depart_time)
VALUES ('car48', 'echoindia', '0', 'start48', 'end48', '2019-01-21', '00:00:00');

INSERT INTO post(license_plate, owner, seats_available, origin, destination, depart_date, depart_time)
VALUES ('car49', 'echojuliet', '0', 'start49', 'end49', '2025-01-21', '06:00:00');

INSERT INTO post(license_plate, owner, seats_available, origin, destination, depart_date, depart_time)
VALUES ('car50', 'echokilo', '3', 'start50', 'end50', '2020-01-20', '01:00:00');

INSERT INTO post(license_plate, owner, seats_available, origin, destination, depart_date, depart_time)
VALUES ('car51', 'foxtrotalpha', '2', 'start51', 'end51', '2025-01-19', '06:00:00');

INSERT INTO post(license_plate, owner, seats_available, origin, destination, depart_date, depart_time)
VALUES ('car52', 'foxtrotbravo', '1', 'start52', 'end52', '2020-01-18', '01:00:00');

INSERT INTO post(license_plate, owner, seats_available, origin, destination, depart_date, depart_time)
VALUES ('car53', 'foxtrotcharlie', '0', 'start53', 'end53', '2025-01-17', '06:00:00');

INSERT INTO post(license_plate, owner, seats_available, origin, destination, depart_date, depart_time)
VALUES ('car54', 'foxtrotdelta', '3', 'start54', 'end54', '2020-01-16', '01:00:00');

INSERT INTO post(license_plate, owner, seats_available, origin, destination, depart_date, depart_time)
VALUES ('car55', 'foxtrotecho', '2', 'start55', 'end55', '2025-01-15', '06:00:00');

INSERT INTO post(license_plate, owner, seats_available, origin, destination, depart_date, depart_time)
VALUES ('car56', 'foxtrotgolf', '1', 'start56', 'end56', '2020-01-14', '01:00:00');

INSERT INTO post(license_plate, owner, seats_available, origin, destination, depart_date, depart_time)
VALUES ('car57', 'foxtrothotel', '0', 'start57', 'end57', '2025-01-13', '06:00:00');

INSERT INTO post(license_plate, owner, seats_available, origin, destination, depart_date, depart_time)
VALUES ('car58', 'foxtrotindia', '3', 'start58', 'end58', '2020-01-12', '01:00:00');

INSERT INTO post(license_plate, owner, seats_available, origin, destination, depart_date, depart_time)
VALUES ('car59', 'foxtrotjuliet', '3', 'start59', 'end59', '2026-01-12', '07:00:00');

INSERT INTO post(license_plate, owner, seats_available, origin, destination, depart_date, depart_time)
VALUES ('car60', 'foxtrotkilo', '2', 'start60', 'end60', '2021-01-11', '02:00:00');

INSERT INTO post(license_plate, owner, seats_available, origin, destination, depart_date, depart_time)
VALUES ('car61', 'golfalpha', '1', 'start61', 'end61', '2026-01-28', '07:00:00');

INSERT INTO post(license_plate, owner, seats_available, origin, destination, depart_date, depart_time)
VALUES ('car62', 'golfbravo', '0', 'start62', 'end62', '2021-01-27', '02:00:00');

INSERT INTO post(license_plate, owner, seats_available, origin, destination, depart_date, depart_time)
VALUES ('car63', 'golfcharlie', '3', 'start63', 'end63', '2026-01-26', '07:00:00');

INSERT INTO post(license_plate, owner, seats_available, origin, destination, depart_date, depart_time)
VALUES ('car64', 'golfdelta', '2', 'start64', 'end64', '2021-01-25', '02:00:00');

INSERT INTO post(license_plate, owner, seats_available, origin, destination, depart_date, depart_time)
VALUES ('car65', 'golfecho', '1', 'start65', 'end65', '2026-01-24', '07:00:00');

INSERT INTO post(license_plate, owner, seats_available, origin, destination, depart_date, depart_time)
VALUES ('car66', 'golffoxtrot', '0', 'start66', 'end66', '2021-01-23', '02:00:00');

INSERT INTO post(license_plate, owner, seats_available, origin, destination, depart_date, depart_time)
VALUES ('car67', 'golfhotel', '3', 'start67', 'end67', '2026-01-22', '07:00:00');

INSERT INTO post(license_plate, owner, seats_available, origin, destination, depart_date, depart_time)
VALUES ('car68', 'golfindia', '3', 'start68', 'end68', '2022-01-22', '03:00:00');

INSERT INTO post(license_plate, owner, seats_available, origin, destination, depart_date, depart_time)
VALUES ('car69', 'golfjuliet', '2', 'start69', 'end69', '2027-01-21', '08:00:00');

INSERT INTO post(license_plate, owner, seats_available, origin, destination, depart_date, depart_time)
VALUES ('car70', 'golfkilo', '1', 'start70', 'end70', '2022-01-20', '03:00:00');

INSERT INTO post(license_plate, owner, seats_available, origin, destination, depart_date, depart_time)
VALUES ('car71', 'hotelalpha', '0', 'start71', 'end71', '2027-01-19', '08:00:00');

INSERT INTO post(license_plate, owner, seats_available, origin, destination, depart_date, depart_time)
VALUES ('car72', 'hotelbravo', '3', 'start72', 'end72', '2022-01-18', '03:00:00');

INSERT INTO post(license_plate, owner, seats_available, origin, destination, depart_date, depart_time)
VALUES ('car73', 'hotelcharlie', '2', 'start73', 'end73', '2027-01-17', '08:00:00');

INSERT INTO post(license_plate, owner, seats_available, origin, destination, depart_date, depart_time)
VALUES ('car74', 'hoteldelta', '1', 'start74', 'end74', '2022-01-16', '03:00:00');

INSERT INTO post(license_plate, owner, seats_available, origin, destination, depart_date, depart_time)
VALUES ('car75', 'hotelecho', '0', 'start75', 'end75', '2027-01-15', '08:00:00');

INSERT INTO post(license_plate, owner, seats_available, origin, destination, depart_date, depart_time)
VALUES ('car76', 'hotelfoxtrot', '3', 'start76', 'end76', '2022-01-14', '03:00:00');

INSERT INTO post(license_plate, owner, seats_available, origin, destination, depart_date, depart_time)
VALUES ('car77', 'hotelgolf', '2', 'start77', 'end77', '2027-01-13', '08:00:00');

INSERT INTO post(license_plate, owner, seats_available, origin, destination, depart_date, depart_time)
VALUES ('car78', 'hotelindia', '2', 'start78', 'end78', '2023-01-13', '04:00:00');

INSERT INTO post(license_plate, owner, seats_available, origin, destination, depart_date, depart_time)
VALUES ('car79', 'hoteljuliet', '1', 'start79', 'end79', '2028-01-12', '09:00:00');

INSERT INTO post(license_plate, owner, seats_available, origin, destination, depart_date, depart_time)
VALUES ('car80', 'hotelkilo', '0', 'start80', 'end80', '2023-01-11', '04:00:00');

INSERT INTO post(license_plate, owner, seats_available, origin, destination, depart_date, depart_time)
VALUES ('car81', 'indiaalpha', '3', 'start81', 'end81', '2028-01-28', '09:00:00');

INSERT INTO post(license_plate, owner, seats_available, origin, destination, depart_date, depart_time)
VALUES ('car82', 'indiabravo', '2', 'start82', 'end82', '2023-01-27', '04:00:00');

INSERT INTO post(license_plate, owner, seats_available, origin, destination, depart_date, depart_time)
VALUES ('car83', 'indiacharlie', '1', 'start83', 'end83', '2028-01-26', '09:00:00');

INSERT INTO post(license_plate, owner, seats_available, origin, destination, depart_date, depart_time)
VALUES ('car84', 'indiadelta', '0', 'start84', 'end84', '2023-01-25', '04:00:00');

INSERT INTO post(license_plate, owner, seats_available, origin, destination, depart_date, depart_time)
VALUES ('car85', 'indiaecho', '3', 'start85', 'end85', '2028-01-24', '09:00:00');

INSERT INTO post(license_plate, owner, seats_available, origin, destination, depart_date, depart_time)
VALUES ('car86', 'indiafoxtrot', '2', 'start86', 'end86', '2023-01-23', '04:00:00');

INSERT INTO post(license_plate, owner, seats_available, origin, destination, depart_date, depart_time)
VALUES ('car87', 'indiagolf', '2', 'start87', 'end87', '2019-01-23', '00:00:00');

INSERT INTO post(license_plate, owner, seats_available, origin, destination, depart_date, depart_time)
VALUES ('car88', 'indiahotel', '1', 'start88', 'end88', '2024-01-22', '05:00:00');

INSERT INTO post(license_plate, owner, seats_available, origin, destination, depart_date, depart_time)
VALUES ('car89', 'indiajuliet', '0', 'start89', 'end89', '2019-01-21', '00:00:00');

INSERT INTO post(license_plate, owner, seats_available, origin, destination, depart_date, depart_time)
VALUES ('car90', 'indiakilo', '3', 'start90', 'end90', '2024-01-20', '05:00:00');

INSERT INTO post(license_plate, owner, seats_available, origin, destination, depart_date, depart_time)
VALUES ('car91', 'julietalpha', '2', 'start91', 'end91', '2019-01-19', '00:00:00');

INSERT INTO post(license_plate, owner, seats_available, origin, destination, depart_date, depart_time)
VALUES ('car92', 'julietbravo', '1', 'start92', 'end92', '2024-01-18', '05:00:00');

INSERT INTO post(license_plate, owner, seats_available, origin, destination, depart_date, depart_time)
VALUES ('car93', 'julietcharlie', '0', 'start93', 'end93', '2019-01-17', '00:00:00');

INSERT INTO post(license_plate, owner, seats_available, origin, destination, depart_date, depart_time)
VALUES ('car94', 'julietdelta', '3', 'start94', 'end94', '2024-01-16', '05:00:00');

INSERT INTO post(license_plate, owner, seats_available, origin, destination, depart_date, depart_time)
VALUES ('car95', 'julietecho', '2', 'start95', 'end95', '2019-01-15', '00:00:00');

INSERT INTO post(license_plate, owner, seats_available, origin, destination, depart_date, depart_time)
VALUES ('car96', 'julietfoxtrot', '1', 'start96', 'end96', '2024-01-14', '05:00:00');

INSERT INTO post(license_plate, owner, seats_available, origin, destination, depart_date, depart_time)
VALUES ('car97', 'julietgolf', '1', 'start97', 'end97', '2020-01-14', '01:00:00');

INSERT INTO post(license_plate, owner, seats_available, origin, destination, depart_date, depart_time)
VALUES ('car98', 'juliethotel', '0', 'start98', 'end98', '2025-01-13', '06:00:00');

INSERT INTO post(license_plate, owner, seats_available, origin, destination, depart_date, depart_time)
VALUES ('car99', 'julietindia', '3', 'start99', 'end99', '2020-01-12', '01:00:00');

INSERT INTO post(license_plate, owner, seats_available, origin, destination, depart_date, depart_time)
VALUES ('car100', 'julietkilo', '2', 'start100', 'end100', '2025-01-11', '06:00:00');

INSERT INTO post(license_plate, owner, seats_available, origin, destination, depart_date, depart_time)
VALUES ('car101', 'kiloalpha', '1', 'start101', 'end101', '2020-01-28', '01:00:00');

INSERT INTO post(license_plate, owner, seats_available, origin, destination, depart_date, depart_time)
VALUES ('car102', 'kilobravo', '0', 'start102', 'end102', '2025-01-27', '06:00:00');

INSERT INTO post(license_plate, owner, seats_available, origin, destination, depart_date, depart_time)
VALUES ('car103', 'kilocharlie', '3', 'start103', 'end103', '2020-01-26', '01:00:00');

INSERT INTO post(license_plate, owner, seats_available, origin, destination, depart_date, depart_time)
VALUES ('car104', 'kilodelta', '2', 'start104', 'end104', '2025-01-25', '06:00:00');

INSERT INTO post(license_plate, owner, seats_available, origin, destination, depart_date, depart_time)
VALUES ('car105', 'kiloecho', '1', 'start105', 'end105', '2020-01-24', '01:00:00');

INSERT INTO post(license_plate, owner, seats_available, origin, destination, depart_date, depart_time)
VALUES ('car106', 'kilofoxtrot', '1', 'start106', 'end106', '2026-01-24', '07:00:00');

INSERT INTO post(license_plate, owner, seats_available, origin, destination, depart_date, depart_time)
VALUES ('car107', 'kilogolf', '0', 'start107', 'end107', '2021-01-23', '02:00:00');

INSERT INTO post(license_plate, owner, seats_available, origin, destination, depart_date, depart_time)
VALUES ('car108', 'kilohotel', '3', 'start108', 'end108', '2026-01-22', '07:00:00');

INSERT INTO post(license_plate, owner, seats_available, origin, destination, depart_date, depart_time)
VALUES ('car109', 'kiloindia', '2', 'start109', 'end109', '2021-01-21', '02:00:00');

INSERT INTO post(license_plate, owner, seats_available, origin, destination, depart_date, depart_time)
VALUES ('car110', 'kilojuliet', '1', 'start110', 'end110', '2026-01-20', '07:00:00');

INSERT INTO bid(bidder, owner, origin, destination, depart_date, depart_time, seats_desired)
VALUES ('bravoalpha', 'alphabravo', 'start1', 'end1', '2020-01-28', '01:00:00', '4');

INSERT INTO bid(bidder, owner, origin, destination, depart_date, depart_time, seats_desired,accepted)
VALUES ('charliealpha', 'alphacharlie', 'start2', 'end2', '2018-04-16', '06:00:00', '2',true);

INSERT INTO bid(bidder, owner, origin, destination, depart_date, depart_time, seats_desired,accepted,passenger_rating,driver_rating)
VALUES ('deltaalpha', 'alphabravo', 'start3', 'end3', '2017-01-30', '02:00:00', '2',true,'3','4');

INSERT INTO bid(bidder, owner, origin, destination, depart_date, depart_time, seats_desired)
VALUES ('echoalpha', 'alphaecho', 'start4', 'end4', '2025-01-25', '06:00:00', '1');

INSERT INTO bid(bidder, owner, origin, destination, depart_date, depart_time, seats_desired)
VALUES ('foxtrotalpha', 'alphafoxtrot', 'start5', 'end5', '2020-01-24', '01:00:00', '4');

INSERT INTO bid(bidder, owner, origin, destination, depart_date, depart_time, seats_desired)
VALUES ('golfalpha', 'alphagolf', 'start6', 'end6', '2025-01-23', '06:00:00', '3');

INSERT INTO bid(bidder, owner, origin, destination, depart_date, depart_time, seats_desired)
VALUES ('hotelalpha', 'alphahotel', 'start7', 'end7', '2020-01-22', '01:00:00', '2');

INSERT INTO bid(bidder, owner, origin, destination, depart_date, depart_time, seats_desired)
VALUES ('indiaalpha', 'alphaindia', 'start8', 'end8', '2025-01-21', '06:00:00', '1');

INSERT INTO bid(bidder, owner, origin, destination, depart_date, depart_time, seats_desired)
VALUES ('julietalpha', 'alphajuliet', 'start9', 'end9', '2020-01-20', '01:00:00', '4');

INSERT INTO bid(bidder, owner, origin, destination, depart_date, depart_time, seats_desired)
VALUES ('kiloalpha', 'alphakilo', 'start10', 'end10', '2025-01-19', '06:00:00', '3');

INSERT INTO bid(bidder, owner, origin, destination, depart_date, depart_time, seats_desired)
VALUES ('alphabravo', 'bravoalpha', 'start11', 'end11', '2021-01-19', '02:00:00', '3');

INSERT INTO bid(bidder, owner, origin, destination, depart_date, depart_time, seats_desired)
VALUES ('charliebravo', 'bravocharlie', 'start12', 'end12', '2026-01-18', '07:00:00', '2');

INSERT INTO bid(bidder, owner, origin, destination, depart_date, depart_time, seats_desired)
VALUES ('deltabravo', 'bravodelta', 'start13', 'end13', '2021-01-17', '02:00:00', '1');

INSERT INTO bid(bidder, owner, origin, destination, depart_date, depart_time, seats_desired)
VALUES ('echobravo', 'bravoecho', 'start14', 'end14', '2026-01-16', '07:00:00', '4');

INSERT INTO bid(bidder, owner, origin, destination, depart_date, depart_time, seats_desired)
VALUES ('foxtrotbravo', 'bravofoxtrot', 'start15', 'end15', '2021-01-15', '02:00:00', '3');

INSERT INTO bid(bidder, owner, origin, destination, depart_date, depart_time, seats_desired)
VALUES ('golfbravo', 'bravogolf', 'start16', 'end16', '2026-01-14', '07:00:00', '2');

INSERT INTO bid(bidder, owner, origin, destination, depart_date, depart_time, seats_desired)
VALUES ('hotelbravo', 'bravohotel', 'start17', 'end17', '2021-01-13', '02:00:00', '1');

INSERT INTO bid(bidder, owner, origin, destination, depart_date, depart_time, seats_desired)
VALUES ('indiabravo', 'bravoindia', 'start18', 'end18', '2026-01-12', '07:00:00', '4');

INSERT INTO bid(bidder, owner, origin, destination, depart_date, depart_time, seats_desired)
VALUES ('julietbravo', 'bravojuliet', 'start19', 'end19', '2021-01-11', '02:00:00', '3');

INSERT INTO bid(bidder, owner, origin, destination, depart_date, depart_time, seats_desired)
VALUES ('kilobravo', 'bravokilo', 'start20', 'end20', '2027-01-11', '08:00:00', '3');

INSERT INTO bid(bidder, owner, origin, destination, depart_date, depart_time, seats_desired)
VALUES ('alphacharlie', 'charliealpha', 'start21', 'end21', '2022-01-28', '03:00:00', '2');

INSERT INTO bid(bidder, owner, origin, destination, depart_date, depart_time, seats_desired)
VALUES ('bravocharlie', 'charliebravo', 'start22', 'end22', '2027-01-27', '08:00:00', '1');

INSERT INTO bid(bidder, owner, origin, destination, depart_date, depart_time, seats_desired)
VALUES ('deltacharlie', 'charliedelta', 'start23', 'end23', '2022-01-26', '03:00:00', '4');

INSERT INTO bid(bidder, owner, origin, destination, depart_date, depart_time, seats_desired)
VALUES ('echocharlie', 'charlieecho', 'start24', 'end24', '2027-01-25', '08:00:00', '3');

INSERT INTO bid(bidder, owner, origin, destination, depart_date, depart_time, seats_desired)
VALUES ('foxtrotcharlie', 'charliefoxtrot', 'start25', 'end25', '2022-01-24', '03:00:00', '2');

INSERT INTO bid(bidder, owner, origin, destination, depart_date, depart_time, seats_desired)
VALUES ('golfcharlie', 'charliegolf', 'start26', 'end26', '2027-01-23', '08:00:00', '1');

INSERT INTO bid(bidder, owner, origin, destination, depart_date, depart_time, seats_desired)
VALUES ('hotelcharlie', 'charliehotel', 'start27', 'end27', '2022-01-22', '03:00:00', '4');

INSERT INTO bid(bidder, owner, origin, destination, depart_date, depart_time, seats_desired)
VALUES ('indiacharlie', 'charlieindia', 'start28', 'end28', '2027-01-21', '08:00:00', '3');

INSERT INTO bid(bidder, owner, origin, destination, depart_date, depart_time, seats_desired)
VALUES ('julietcharlie', 'charliejuliet', 'start29', 'end29', '2022-01-20', '03:00:00', '2');

INSERT INTO bid(bidder, owner, origin, destination, depart_date, depart_time, seats_desired)
VALUES ('kilocharlie', 'charliekilo', 'start30', 'end30', '2028-01-20', '09:00:00', '2');

INSERT INTO bid(bidder, owner, origin, destination, depart_date, depart_time, seats_desired)
VALUES ('alphadelta', 'deltaalpha', 'start31', 'end31', '2023-01-19', '04:00:00', '1');

INSERT INTO bid(bidder, owner, origin, destination, depart_date, depart_time, seats_desired)
VALUES ('bravodelta', 'deltabravo', 'start32', 'end32', '2028-01-18', '09:00:00', '4');

INSERT INTO bid(bidder, owner, origin, destination, depart_date, depart_time, seats_desired)
VALUES ('charliedelta', 'deltacharlie', 'start33', 'end33', '2023-01-17', '04:00:00', '3');

INSERT INTO bid(bidder, owner, origin, destination, depart_date, depart_time, seats_desired)
VALUES ('echodelta', 'deltaecho', 'start34', 'end34', '2028-01-16', '09:00:00', '2');

INSERT INTO bid(bidder, owner, origin, destination, depart_date, depart_time, seats_desired)
VALUES ('foxtrotdelta', 'deltafoxtrot', 'start35', 'end35', '2023-01-15', '04:00:00', '1');

INSERT INTO bid(bidder, owner, origin, destination, depart_date, depart_time, seats_desired)
VALUES ('golfdelta', 'deltagolf', 'start36', 'end36', '2028-01-14', '09:00:00', '4');

INSERT INTO bid(bidder, owner, origin, destination, depart_date, depart_time, seats_desired)
VALUES ('hoteldelta', 'deltahotel', 'start37', 'end37', '2023-01-13', '04:00:00', '3');

INSERT INTO bid(bidder, owner, origin, destination, depart_date, depart_time, seats_desired)
VALUES ('indiadelta', 'deltaindia', 'start38', 'end38', '2028-01-12', '09:00:00', '2');

INSERT INTO bid(bidder, owner, origin, destination, depart_date, depart_time, seats_desired)
VALUES ('julietdelta', 'deltajuliet', 'start39', 'end39', '2024-01-12', '05:00:00', '2');

INSERT INTO bid(bidder, owner, origin, destination, depart_date, depart_time, seats_desired)
VALUES ('kilodelta', 'deltakilo', 'start40', 'end40', '2019-01-11', '00:00:00', '1');

INSERT INTO bid(bidder, owner, origin, destination, depart_date, depart_time, seats_desired)
VALUES ('alphaecho', 'echoalpha', 'start41', 'end41', '2024-01-28', '05:00:00', '4');

INSERT INTO bid(bidder, owner, origin, destination, depart_date, depart_time, seats_desired)
VALUES ('bravoecho', 'echobravo', 'start42', 'end42', '2019-01-27', '00:00:00', '3');

INSERT INTO bid(bidder, owner, origin, destination, depart_date, depart_time, seats_desired)
VALUES ('charlieecho', 'echocharlie', 'start43', 'end43', '2024-01-26', '05:00:00', '2');

INSERT INTO bid(bidder, owner, origin, destination, depart_date, depart_time, seats_desired)
VALUES ('deltaecho', 'echodelta', 'start44', 'end44', '2019-01-25', '00:00:00', '1');

INSERT INTO bid(bidder, owner, origin, destination, depart_date, depart_time, seats_desired)
VALUES ('foxtrotecho', 'echofoxtrot', 'start45', 'end45', '2024-01-24', '05:00:00', '4');

INSERT INTO bid(bidder, owner, origin, destination, depart_date, depart_time, seats_desired)
VALUES ('golfecho', 'echogolf', 'start46', 'end46', '2019-01-23', '00:00:00', '3');

INSERT INTO bid(bidder, owner, origin, destination, depart_date, depart_time, seats_desired)
VALUES ('hotelecho', 'echohotel', 'start47', 'end47', '2024-01-22', '05:00:00', '2');

INSERT INTO bid(bidder, owner, origin, destination, depart_date, depart_time, seats_desired)
VALUES ('indiaecho', 'echoindia', 'start48', 'end48', '2019-01-21', '00:00:00', '1');

INSERT INTO bid(bidder, owner, origin, destination, depart_date, depart_time, seats_desired)
VALUES ('julietecho', 'echojuliet', 'start49', 'end49', '2025-01-21', '06:00:00', '1');

INSERT INTO bid(bidder, owner, origin, destination, depart_date, depart_time, seats_desired)
VALUES ('kiloecho', 'echokilo', 'start50', 'end50', '2020-01-20', '01:00:00', '4');

INSERT INTO bid(bidder, owner, origin, destination, depart_date, depart_time, seats_desired)
VALUES ('alphafoxtrot', 'foxtrotalpha', 'start51', 'end51', '2025-01-19', '06:00:00', '3');

INSERT INTO bid(bidder, owner, origin, destination, depart_date, depart_time, seats_desired)
VALUES ('bravofoxtrot', 'foxtrotbravo', 'start52', 'end52', '2020-01-18', '01:00:00', '2');

INSERT INTO bid(bidder, owner, origin, destination, depart_date, depart_time, seats_desired)
VALUES ('charliefoxtrot', 'foxtrotcharlie', 'start53', 'end53', '2025-01-17', '06:00:00', '1');

INSERT INTO bid(bidder, owner, origin, destination, depart_date, depart_time, seats_desired)
VALUES ('deltafoxtrot', 'foxtrotdelta', 'start54', 'end54', '2020-01-16', '01:00:00', '4');

INSERT INTO bid(bidder, owner, origin, destination, depart_date, depart_time, seats_desired)
VALUES ('echofoxtrot', 'foxtrotecho', 'start55', 'end55', '2025-01-15', '06:00:00', '3');

INSERT INTO bid(bidder, owner, origin, destination, depart_date, depart_time, seats_desired)
VALUES ('golffoxtrot', 'foxtrotgolf', 'start56', 'end56', '2020-01-14', '01:00:00', '2');

INSERT INTO bid(bidder, owner, origin, destination, depart_date, depart_time, seats_desired)
VALUES ('hotelfoxtrot', 'foxtrothotel', 'start57', 'end57', '2025-01-13', '06:00:00', '1');

INSERT INTO bid(bidder, owner, origin, destination, depart_date, depart_time, seats_desired)
VALUES ('indiafoxtrot', 'foxtrotindia', 'start58', 'end58', '2020-01-12', '01:00:00', '4');

INSERT INTO bid(bidder, owner, origin, destination, depart_date, depart_time, seats_desired)
VALUES ('julietfoxtrot', 'foxtrotjuliet', 'start59', 'end59', '2026-01-12', '07:00:00', '4');

INSERT INTO bid(bidder, owner, origin, destination, depart_date, depart_time, seats_desired)
VALUES ('kilofoxtrot', 'foxtrotkilo', 'start60', 'end60', '2021-01-11', '02:00:00', '3');

INSERT INTO bid(bidder, owner, origin, destination, depart_date, depart_time, seats_desired)
VALUES ('alphagolf', 'golfalpha', 'start61', 'end61', '2026-01-28', '07:00:00', '2');

INSERT INTO bid(bidder, owner, origin, destination, depart_date, depart_time, seats_desired)
VALUES ('bravogolf', 'golfbravo', 'start62', 'end62', '2021-01-27', '02:00:00', '1');

INSERT INTO bid(bidder, owner, origin, destination, depart_date, depart_time, seats_desired)
VALUES ('charliegolf', 'golfcharlie', 'start63', 'end63', '2026-01-26', '07:00:00', '4');

INSERT INTO bid(bidder, owner, origin, destination, depart_date, depart_time, seats_desired)
VALUES ('deltagolf', 'golfdelta', 'start64', 'end64', '2021-01-25', '02:00:00', '3');

INSERT INTO bid(bidder, owner, origin, destination, depart_date, depart_time, seats_desired)
VALUES ('echogolf', 'golfecho', 'start65', 'end65', '2026-01-24', '07:00:00', '2');

INSERT INTO bid(bidder, owner, origin, destination, depart_date, depart_time, seats_desired)
VALUES ('foxtrotgolf', 'golffoxtrot', 'start66', 'end66', '2021-01-23', '02:00:00', '1');

INSERT INTO bid(bidder, owner, origin, destination, depart_date, depart_time, seats_desired)
VALUES ('hotelgolf', 'golfhotel', 'start67', 'end67', '2026-01-22', '07:00:00', '4');

INSERT INTO bid(bidder, owner, origin, destination, depart_date, depart_time, seats_desired)
VALUES ('indiagolf', 'golfindia', 'start68', 'end68', '2022-01-22', '03:00:00', '4');

INSERT INTO bid(bidder, owner, origin, destination, depart_date, depart_time, seats_desired)
VALUES ('julietgolf', 'golfjuliet', 'start69', 'end69', '2027-01-21', '08:00:00', '3');

INSERT INTO bid(bidder, owner, origin, destination, depart_date, depart_time, seats_desired)
VALUES ('kilogolf', 'golfkilo', 'start70', 'end70', '2022-01-20', '03:00:00', '2');

INSERT INTO bid(bidder, owner, origin, destination, depart_date, depart_time, seats_desired)
VALUES ('alphahotel', 'hotelalpha', 'start71', 'end71', '2027-01-19', '08:00:00', '1');

INSERT INTO bid(bidder, owner, origin, destination, depart_date, depart_time, seats_desired)
VALUES ('bravohotel', 'hotelbravo', 'start72', 'end72', '2022-01-18', '03:00:00', '4');

INSERT INTO bid(bidder, owner, origin, destination, depart_date, depart_time, seats_desired)
VALUES ('charliehotel', 'hotelcharlie', 'start73', 'end73', '2027-01-17', '08:00:00', '3');

INSERT INTO bid(bidder, owner, origin, destination, depart_date, depart_time, seats_desired)
VALUES ('deltahotel', 'hoteldelta', 'start74', 'end74', '2022-01-16', '03:00:00', '2');

INSERT INTO bid(bidder, owner, origin, destination, depart_date, depart_time, seats_desired)
VALUES ('echohotel', 'hotelecho', 'start75', 'end75', '2027-01-15', '08:00:00', '1');

INSERT INTO bid(bidder, owner, origin, destination, depart_date, depart_time, seats_desired)
VALUES ('foxtrothotel', 'hotelfoxtrot', 'start76', 'end76', '2022-01-14', '03:00:00', '4');

INSERT INTO bid(bidder, owner, origin, destination, depart_date, depart_time, seats_desired)
VALUES ('golfhotel', 'hotelgolf', 'start77', 'end77', '2027-01-13', '08:00:00', '3');

INSERT INTO bid(bidder, owner, origin, destination, depart_date, depart_time, seats_desired)
VALUES ('indiahotel', 'hotelindia', 'start78', 'end78', '2023-01-13', '04:00:00', '3');

INSERT INTO bid(bidder, owner, origin, destination, depart_date, depart_time, seats_desired)
VALUES ('juliethotel', 'hoteljuliet', 'start79', 'end79', '2028-01-12', '09:00:00', '2');

INSERT INTO bid(bidder, owner, origin, destination, depart_date, depart_time, seats_desired)
VALUES ('kilohotel', 'hotelkilo', 'start80', 'end80', '2023-01-11', '04:00:00', '1');

INSERT INTO bid(bidder, owner, origin, destination, depart_date, depart_time, seats_desired)
VALUES ('alphaindia', 'indiaalpha', 'start81', 'end81', '2028-01-28', '09:00:00', '4');

INSERT INTO bid(bidder, owner, origin, destination, depart_date, depart_time, seats_desired)
VALUES ('bravoindia', 'indiabravo', 'start82', 'end82', '2023-01-27', '04:00:00', '3');

INSERT INTO bid(bidder, owner, origin, destination, depart_date, depart_time, seats_desired)
VALUES ('charlieindia', 'indiacharlie', 'start83', 'end83', '2028-01-26', '09:00:00', '2');

INSERT INTO bid(bidder, owner, origin, destination, depart_date, depart_time, seats_desired)
VALUES ('deltaindia', 'indiadelta', 'start84', 'end84', '2023-01-25', '04:00:00', '1');

INSERT INTO bid(bidder, owner, origin, destination, depart_date, depart_time, seats_desired)
VALUES ('echoindia', 'indiaecho', 'start85', 'end85', '2028-01-24', '09:00:00', '4');

INSERT INTO bid(bidder, owner, origin, destination, depart_date, depart_time, seats_desired)
VALUES ('foxtrotindia', 'indiafoxtrot', 'start86', 'end86', '2023-01-23', '04:00:00', '3');

INSERT INTO bid(bidder, owner, origin, destination, depart_date, depart_time, seats_desired)
VALUES ('golfindia', 'indiagolf', 'start87', 'end87', '2019-01-23', '00:00:00', '3');

INSERT INTO bid(bidder, owner, origin, destination, depart_date, depart_time, seats_desired)
VALUES ('hotelindia', 'indiahotel', 'start88', 'end88', '2024-01-22', '05:00:00', '2');

INSERT INTO bid(bidder, owner, origin, destination, depart_date, depart_time, seats_desired)
VALUES ('julietindia', 'indiajuliet', 'start89', 'end89', '2019-01-21', '00:00:00', '1');

INSERT INTO bid(bidder, owner, origin, destination, depart_date, depart_time, seats_desired)
VALUES ('kiloindia', 'indiakilo', 'start90', 'end90', '2024-01-20', '05:00:00', '4');

INSERT INTO bid(bidder, owner, origin, destination, depart_date, depart_time, seats_desired)
VALUES ('alphajuliet', 'julietalpha', 'start91', 'end91', '2019-01-19', '00:00:00', '3');

INSERT INTO bid(bidder, owner, origin, destination, depart_date, depart_time, seats_desired)
VALUES ('bravojuliet', 'julietbravo', 'start92', 'end92', '2024-01-18', '05:00:00', '2');

INSERT INTO bid(bidder, owner, origin, destination, depart_date, depart_time, seats_desired)
VALUES ('charliejuliet', 'julietcharlie', 'start93', 'end93', '2019-01-17', '00:00:00', '1');

INSERT INTO bid(bidder, owner, origin, destination, depart_date, depart_time, seats_desired)
VALUES ('deltajuliet', 'julietdelta', 'start94', 'end94', '2024-01-16', '05:00:00', '4');

INSERT INTO bid(bidder, owner, origin, destination, depart_date, depart_time, seats_desired)
VALUES ('echojuliet', 'julietecho', 'start95', 'end95', '2019-01-15', '00:00:00', '3');

INSERT INTO bid(bidder, owner, origin, destination, depart_date, depart_time, seats_desired)
VALUES ('foxtrotjuliet', 'julietfoxtrot', 'start96', 'end96', '2024-01-14', '05:00:00', '2');

INSERT INTO bid(bidder, owner, origin, destination, depart_date, depart_time, seats_desired)
VALUES ('golfjuliet', 'julietgolf', 'start97', 'end97', '2020-01-14', '01:00:00', '2');

INSERT INTO bid(bidder, owner, origin, destination, depart_date, depart_time, seats_desired)
VALUES ('hoteljuliet', 'juliethotel', 'start98', 'end98', '2025-01-13', '06:00:00', '1');

INSERT INTO bid(bidder, owner, origin, destination, depart_date, depart_time, seats_desired)
VALUES ('indiajuliet', 'julietindia', 'start99', 'end99', '2020-01-12', '01:00:00', '4');

INSERT INTO bid(bidder, owner, origin, destination, depart_date, depart_time, seats_desired)
VALUES ('kilojuliet', 'julietkilo', 'start100', 'end100', '2025-01-11', '06:00:00', '3');

INSERT INTO bid(bidder, owner, origin, destination, depart_date, depart_time, seats_desired)
VALUES ('alphakilo', 'kiloalpha', 'start101', 'end101', '2020-01-28', '01:00:00', '2');

INSERT INTO bid(bidder, owner, origin, destination, depart_date, depart_time, seats_desired)
VALUES ('bravokilo', 'kilobravo', 'start102', 'end102', '2025-01-27', '06:00:00', '1');

INSERT INTO bid(bidder, owner, origin, destination, depart_date, depart_time, seats_desired)
VALUES ('charliekilo', 'kilocharlie', 'start103', 'end103', '2020-01-26', '01:00:00', '4');

INSERT INTO bid(bidder, owner, origin, destination, depart_date, depart_time, seats_desired)
VALUES ('deltakilo', 'kilodelta', 'start104', 'end104', '2025-01-25', '06:00:00', '3');

INSERT INTO bid(bidder, owner, origin, destination, depart_date, depart_time, seats_desired)
VALUES ('echokilo', 'kiloecho', 'start105', 'end105', '2020-01-24', '01:00:00', '2');

INSERT INTO bid(bidder, owner, origin, destination, depart_date, depart_time, seats_desired)
VALUES ('foxtrotkilo', 'kilofoxtrot', 'start106', 'end106', '2026-01-24', '07:00:00', '2');

INSERT INTO bid(bidder, owner, origin, destination, depart_date, depart_time, seats_desired)
VALUES ('golfkilo', 'kilogolf', 'start107', 'end107', '2021-01-23', '02:00:00', '1');

INSERT INTO bid(bidder, owner, origin, destination, depart_date, depart_time, seats_desired)
VALUES ('hotelkilo', 'kilohotel', 'start108', 'end108', '2026-01-22', '07:00:00', '4');

INSERT INTO bid(bidder, owner, origin, destination, depart_date, depart_time, seats_desired)
VALUES ('indiakilo', 'kiloindia', 'start109', 'end109', '2021-01-21', '02:00:00', '3');

INSERT INTO bid(bidder, owner, origin, destination, depart_date, depart_time, seats_desired)
VALUES ('julietkilo', 'kilojuliet', 'start110', 'end110', '2026-01-20', '07:00:00', '2');

